{
  "act_qat_training": {
    "center_param_count": 33030144,
    "dense_linear_param_count": 0,
    "losses": [
      1.3653243780136108,
      8.257644653320312,
      9.49710464477539,
      15.198690414428711,
      8.019309043884277,
      7.0992255210876465,
      10.87527847290039,
      7.987801551818848,
      15.579141616821289,
      10.182520866394043,
      9.325706481933594,
      6.701605796813965,
      7.420391082763672,
      5.988029956817627,
      5.633798122406006,
      11.142743110656738,
      14.0120210647583,
      8.951054573059082,
      11.718099594116211,
      11.970405578613281,
      8.863786697387695,
      6.674759864807129,
      6.662010192871094,
      7.369619369506836,
      7.9313483238220215,
      7.592057228088379,
      4.975090980529785,
      4.1103363037109375,
      4.082154273986816,
      4.758937358856201,
      11.974882125854492,
      6.83654260635376,
      6.504458427429199,
      7.5715742111206055,
      6.583853721618652,
      7.145629405975342,
      6.087456226348877,
      7.588912487030029,
      7.728635311126709,
      5.494882106781006,
      6.196303844451904,
      7.7173919677734375,
      8.177726745605469,
      11.909689903259277,
      8.531740188598633,
      8.274506568908691,
      8.939485549926758,
      11.969385147094727,
      5.8560028076171875,
      7.640056610107422,
      8.510998725891113,
      4.422891139984131,
      11.031639099121094,
      7.533390522003174,
      5.992072105407715,
      6.733158111572266,
      5.276405334472656,
      3.480699062347412,
      6.064709186553955,
      6.812718391418457,
      4.0464582443237305,
      8.705985069274902,
      9.184786796569824,
      8.349976539611816,
      4.4240946769714355,
      9.365561485290527,
      5.446150779724121,
      5.130092620849609,
      6.118959426879883,
      9.432758331298828,
      8.526302337646484,
      11.620685577392578,
      3.686995029449463,
      10.038263320922852,
      9.037611961364746,
      7.565158367156982,
      11.91795539855957,
      8.136791229248047,
      3.877777576446533,
      3.2615880966186523,
      3.0680980682373047,
      5.305105686187744,
      7.310327053070068,
      3.1059463024139404,
      4.305198669433594,
      5.461651802062988,
      10.356306076049805,
      5.202029228210449,
      3.8005361557006836,
      5.299289703369141,
      4.327899932861328,
      6.287527084350586,
      4.760885715484619,
      3.2098159790039062,
      4.040430068969727,
      7.674134254455566,
      12.446721076965332,
      7.248129844665527,
      6.028234958648682,
      7.420363903045654,
      3.6843068599700928,
      7.55931282043457,
      4.503166675567627,
      2.602950096130371,
      4.672762870788574,
      5.61302375793457,
      4.628335952758789,
      3.3897018432617188,
      4.536266326904297,
      6.232793807983398,
      3.978250741958618,
      3.140404462814331,
      8.014910697937012,
      10.072311401367188,
      9.19661808013916,
      7.1279449462890625,
      5.188443183898926,
      5.203429698944092,
      7.482172966003418,
      11.04020881652832,
      4.5901641845703125,
      4.739317893981934,
      3.0105199813842773,
      4.904606819152832,
      11.04330825805664,
      10.552085876464844,
      2.5395734310150146,
      8.912896156311035,
      3.334425926208496,
      2.2529296875,
      3.9618637561798096,
      10.258150100708008,
      5.854053974151611,
      2.6911861896514893,
      3.0225472450256348,
      2.6517980098724365,
      5.110219955444336,
      4.0910115242004395,
      6.7957072257995605,
      3.306480646133423,
      8.99813175201416,
      5.539701461791992,
      4.166370391845703,
      2.5929880142211914,
      13.621559143066406,
      2.481071710586548,
      5.995643615722656,
      2.900446891784668,
      5.232924461364746,
      2.999022960662842,
      6.301878929138184,
      8.582067489624023,
      10.074231147766113,
      2.6785101890563965,
      11.65791130065918,
      7.726195812225342,
      2.6048543453216553,
      1.556175708770752,
      6.225715637207031,
      3.3173227310180664,
      3.1599485874176025,
      4.81644344329834,
      4.753767490386963,
      7.4473724365234375,
      3.8540852069854736,
      8.70018482208252,
      2.418365955352783,
      4.394596099853516,
      3.8672924041748047,
      6.004871368408203,
      6.206768035888672,
      2.647280216217041,
      2.9844889640808105,
      7.19879150390625,
      4.951070785522461,
      3.3905513286590576,
      1.3365390300750732,
      1.8748836517333984,
      4.841351509094238,
      3.192732334136963,
      7.953573703765869,
      2.443784236907959,
      5.152899742126465,
      9.34769058227539,
      3.7729079723358154,
      2.4791619777679443,
      6.2347412109375,
      8.253011703491211,
      11.514448165893555,
      11.7670259475708,
      1.9460746049880981,
      7.656599044799805,
      2.619417190551758,
      9.431404113769531,
      10.906006813049316,
      2.3494973182678223,
      5.526439666748047,
      6.0684332847595215,
      5.3552327156066895,
      2.3133997917175293,
      8.172871589660645,
      3.2930350303649902,
      2.5884437561035156,
      6.968838691711426,
      5.1489949226379395,
      3.6310150623321533,
      2.9826772212982178,
      1.045849323272705,
      3.4835619926452637,
      3.84470272064209,
      3.48686146736145,
      1.908950924873352,
      9.801037788391113,
      5.609312057495117,
      2.0766658782958984,
      12.243549346923828,
      4.620882987976074,
      8.747947692871094,
      1.9042779207229614,
      3.113126277923584,
      4.38767147064209,
      9.78512191772461,
      1.9655299186706543,
      9.235435485839844,
      1.0600510835647583,
      2.3121747970581055,
      5.941225528717041,
      9.824625968933105,
      7.277673721313477,
      2.0854837894439697,
      5.979432582855225,
      2.5785436630249023,
      13.655752182006836,
      8.084674835205078,
      6.270031929016113,
      2.533337116241455,
      2.7309017181396484,
      2.169463634490967,
      4.359177589416504,
      10.060938835144043,
      9.284443855285645,
      5.957681179046631,
      9.269818305969238,
      10.553240776062012,
      2.679718017578125,
      2.8439972400665283,
      3.003110885620117,
      2.7419867515563965,
      4.129299163818359,
      1.5345163345336914,
      3.524712324142456,
      4.697422504425049,
      3.9425606727600098,
      1.7391142845153809,
      7.833205223083496,
      3.411680221557617,
      2.585258960723877,
      1.876628041267395,
      6.783780097961426,
      3.071835517883301,
      1.3095687627792358,
      6.339986324310303,
      5.188747882843018,
      2.0654611587524414,
      4.842447757720947,
      4.630412578582764,
      6.684353351593018,
      10.819869041442871,
      5.899333477020264,
      2.586383819580078,
      6.546886920928955,
      7.724992752075195,
      0.6480045914649963,
      1.5233070850372314,
      0.7150209546089172,
      3.19803524017334,
      6.3576273918151855,
      3.205472946166992,
      2.0641112327575684,
      1.8476697206497192,
      4.065751075744629,
      2.6830053329467773,
      2.587264060974121,
      4.443557262420654,
      2.309525489807129,
      5.985829830169678,
      5.768374919891357,
      5.6121673583984375,
      0.9104535579681396,
      5.507063388824463,
      0.5119807124137878,
      0.8370559215545654,
      1.280216097831726,
      7.824746131896973,
      5.583811283111572,
      7.852182865142822,
      2.6730995178222656,
      6.22836446762085,
      6.013274192810059,
      5.7898454666137695,
      6.602836608886719,
      4.131533622741699,
      1.7715696096420288,
      1.6230502128601074,
      2.9359824657440186,
      3.305157423019409,
      5.87889289855957,
      1.6657674312591553,
      2.7443108558654785,
      4.989922523498535,
      7.477715969085693,
      1.1070482730865479,
