{
  "act_qat_training": {
    "center_param_count": 33030144,
    "dense_linear_param_count": 0,
    "losses": [
      3.791898727416992,
      4.16453218460083,
      6.182136535644531,
      10.902740478515625,
      6.448618412017822,
      4.973400115966797,
      5.585940361022949,
      6.536838054656982,
      15.424619674682617,
      1.1996902227401733,
      7.38798713684082,
      2.9241814613342285,
      7.222782611846924,
      2.4666130542755127,
      4.167658805847168,
      11.427431106567383,
      9.339035987854004,
      4.7808732986450195,
      12.161495208740234,
      13.052183151245117,
      6.705564498901367,
      5.701947212219238,
      3.937330722808838,
      3.093709707260132,
      5.8093037605285645,
      1.1397377252578735,
      4.518797397613525,
      2.845397472381592,
      3.6901636123657227,
      3.0835750102996826,
      7.541214466094971,
      3.7199673652648926,
      3.755343437194824,
      2.552677869796753,
      3.807652711868286,
      5.555010795593262,
      0.7504919767379761,
      7.466727256774902,
      4.963436603546143,
      3.950852632522583,
      5.380616664886475,
      5.63180685043335,
      6.077883720397949,
      12.774333000183105,
      6.703287601470947,
      2.5093283653259277,
      3.9272446632385254,
      9.828128814697266,
      0.3465133011341095,
      1.3292908668518066,
      1.2105369567871094,
      5.228309154510498,
      2.4073643684387207,
      3.9552414417266846,
      1.58078932762146,
      5.126246929168701,
      2.79333758354187,
      6.247705459594727,
      5.850339412689209,
      3.793024778366089,
      3.1759443283081055,
      3.1359660625457764,
      4.561312675476074,
      6.8220624923706055,
      0.6457916498184204,
      5.770796775817871,
      0.9583554267883301,
      0.8670175671577454,
      2.233907699584961,
      7.522653579711914,
      3.90573787689209,
      9.615022659301758,
      2.2203736305236816,
      3.7199759483337402,
      3.8967251777648926,
      2.8389811515808105,
      8.841529846191406,
      2.2010865211486816,
      0.19216005504131317,
      6.2030181884765625,
      3.3297173976898193,
      3.0818984508514404,
      5.444002151489258,
      0.4503517746925354,
      4.169247150421143,
      2.3328826427459717,
      7.455002307891846,
      0.4190647602081299,
      2.815798282623291,
      4.25596809387207,
      1.0471917390823364,
      0.3844664692878723,
      0.5351054072380066,
      4.652096748352051,
      3.597231388092041,
      5.229328155517578,
      7.801510810852051,
      1.845691204071045,
      3.5064315795898438,
      2.8702259063720703,
      3.2449545860290527,
      4.894030570983887,
      4.894293308258057,
      2.3309144973754883,
      3.44966983795166,
      0.2940452992916107,
      1.3229995965957642,
      0.46544522047042847,
      3.0822715759277344,
      2.447374105453491,
      0.21737360954284668,
      3.293529987335205,
      1.1908693313598633,
      7.043261528015137,
      6.578769683837891,
      0.9318840503692627,
      2.4664196968078613,
      5.22501277923584,
      2.6625189781188965,
      8.721909523010254,
      4.665430545806885,
      1.1008166074752808,
      0.7260056138038635,
      3.9516055583953857,
      11.312607765197754,
      7.550945281982422,
      6.012296199798584,
      2.83807635307312,
      3.250702142715454,
      0.6806560158729553,
      0.7203553318977356,
      6.6232194900512695,
      3.8009300231933594,
      1.3825485706329346,
      3.282510757446289,
      0.3504209816455841,
      0.49376779794692993,
      0.7789469957351685,
      5.55919885635376,
      2.7324137687683105,
      10.27963638305664,
      3.08035945892334,
      0.29230597615242004,
      3.5401382446289062,
      13.141427993774414,
      3.5823888778686523,
      3.2893295288085938,
      1.3996405601501465,
      5.449836730957031,
      3.0357601642608643,
      1.2381463050842285,
      6.473910808563232,
      8.552349090576172,
      3.788079023361206,
      12.985294342041016,
      3.5931107997894287,
      2.8006386756896973,
      0.5526574850082397,
      0.4942978024482727,
      0.8345227241516113,
      4.331560134887695,
      3.9006130695343018,
      3.0469298362731934,
      4.3431901931762695,
      2.3216962814331055,
      7.195995807647705,
      2.608424425125122,
      1.5887922048568726,
      1.344691276550293,
      0.8944355249404907,
      3.6901657581329346,
      0.2452526092529297,
      0.8982037305831909,
      4.14532470703125,
      4.1716718673706055,
      2.9456892013549805,
      2.622114896774292,
      0.535872220993042,
      0.7286332845687866,
      5.282426834106445,
      8.053614616394043,
      4.084685325622559,
      4.097219467163086,
      6.666601181030273,
      0.18418101966381073,
      0.17057031393051147,
      1.8213776350021362,
      5.464681148529053,
      10.572319984436035,
      10.212567329406738,
      0.8856084942817688,
      1.3340479135513306,
      5.830541610717773,
      6.774272441864014,
      8.449061393737793,
      3.6982877254486084,
      3.827972173690796,
      5.929800987243652,
      3.7200465202331543,
      1.5239940881729126,
      7.386275768280029,
      3.9988784790039062,
      0.34266898036003113,
      2.6364188194274902,
      2.2704622745513916,
      3.3564140796661377,
      4.055149078369141,
      1.1419838666915894,
      1.7295427322387695,
      5.264049530029297,
      0.8719112277030945,
      0.7536144852638245,
      6.65879487991333,
      3.2300665378570557,
      0.6411222815513611,
      11.48708438873291,
      3.249913215637207,
      5.2365312576293945,
      2.5455102920532227,
      2.821225166320801,
      2.749786853790283,
      7.6838555335998535,
      2.9953904151916504,
      9.0328950881958,
      3.682425022125244,
      2.5471718311309814,
      1.5606412887573242,
      8.274665832519531,
      2.6020164489746094,
      2.5494587421417236,
      1.05470871925354,
      2.200319290161133,
      11.372682571411133,
      0.5720214247703552,
      3.616234302520752,
      4.588092803955078,
      3.6840436458587646,
      1.0806788206100464,
      2.9413349628448486,
      7.618992805480957,
      8.132301330566406,
      1.0372776985168457,
      9.7837495803833,
      8.07425308227539,
      3.128199577331543,
      3.561397075653076,
      5.788910388946533,
      5.790860176086426,
      4.022731304168701,
      0.15850014984607697,
      2.442512273788452,
      3.46506929397583,
      2.4080710411071777,
      3.1048736572265625,
      6.618900299072266,
      3.7660584449768066,
      4.088263511657715,
      0.9663906693458557,
      1.7494981288909912,
      1.6189738512039185,
      0.37259918451309204,
      4.15458869934082,
      2.598367929458618,
      2.510174036026001,
      3.9019696712493896,
      3.18485426902771,
      4.031197547912598,
      10.826866149902344,
      4.510532379150391,
      1.2754720449447632,
      1.2262938022613525,
      6.534241199493408,
      0.2612190842628479,
      1.5342841148376465,
      0.8404009938240051,
      5.246981620788574,
      0.7549585700035095,
      3.473036527633667,
      0.7073947787284851,
      1.5144697427749634,
      2.930283546447754,
      2.4450817108154297,
      2.3559436798095703,
      0.342736154794693,
      2.5954666137695312,
      1.912872314453125,
      1.2856934070587158,
      4.102734565734863,
      0.3894098997116089,
      1.5169508457183838,
      0.2003282755613327,
      0.11324236541986465,
      1.1002748012542725,
      5.350625514984131,
      1.697648048400879,
      5.410672664642334,
      3.0149857997894287,
      2.3687703609466553,
      1.1687088012695312,
      1.7895876169204712,
      7.293637752532959,
      1.557173252105713,
      0.13471849262714386,
      2.9475769996643066,
      0.8427315354347229,
      2.0018258094787598,
      3.7655186653137207,
      0.4113280773162842,
      3.363492012023926,
