{
  "device": "cuda",
  "dtype": "torch.bfloat16",
  "load_seconds": 7.636164755094796,
  "model_id": "Qwen/Qwen3-1.7B-Base",
  "paper_samples": 256,
  "w8a8_quantization": {
    "activation_bits": 8,
    "activation_granularity": "static_per_tensor",
    "activation_percentile": 1.0,
    "calibration_seconds": 35.5261732400395,
    "hardware_aggregate": {
      "activation_bits_per_token": 4128768.0,
      "activation_dynamic_scale_count_per_token": 0,
      "activation_mib_per_1k_tokens_packed": 492.1875,
      "activation_static_scale_count": 196,
      "activation_static_scale_mib_fp16": 0.00037384033203125,
      "activation_values_per_token": 516096,
      "adds_per_token": 0.0,
      "dense_mac_per_token": 1409286144.0,
      "int8_mac_per_token": 1409286144.0,
      "lookups_per_token": 0.0,
      "quantized_linears": 196,
      "smoothquant_scale_count": 516096,
      "smoothquant_scale_mib_fp16": 0.984375,
      "weight_bits_total": 11274289152.0,
      "weight_count": 1409286144,
      "weight_max_abs_error": 2.9200687408447266,
      "weight_mib_packed": 1344.0,
      "weight_scale_count": 573440,
      "weight_scale_mib_fp16": 1.09375,
      "weighted_weight_mse": 5.322082694120531e-05
    },
    "quantization_seconds": 98.38097037002444,
    "smoothquant_alpha": 0.7,
    "weight_bits": 8,
    "weight_granularity": "per_channel",
    "weight_group_size": 0
  },
  "w8a8_quantized": {
    "mmlu_pro": {
      "accuracy": 0.23828125,
      "correct": 61,
      "seconds": 17.632368655875325,
      "total": 256
    },
    "mnli": {
      "accuracy": 0.796875,
      "correct": 204,
      "seconds": 24.4662626250647,
      "total": 256
    },
    "mrpc": {
      "accuracy": 0.765625,
      "correct": 196,
      "seconds": 11.103633870370686,
      "total": 256
    },
    "qnli": {
      "accuracy": 0.79296875,
      "correct": 203,
      "seconds": 10.208631163928658,
      "total": 256
    },
    "qqp": {
      "accuracy": 0.77734375,
      "correct": 199,
      "seconds": 8.606440972071141,
      "total": 256
    },
    "rte": {
      "accuracy": 0.8046875,
      "correct": 206,
      "seconds": 12.91250353679061,
      "total": 256
    },
    "sst2": {
      "accuracy": 0.9296875,
      "correct": 238,
      "seconds": 8.024528999812901,
      "total": 256
    },
    "wikitext_ppl": {
      "nll": 3.0740334540605545,
      "ppl": 21.62896641558313,
      "seconds": 0.5247006956487894,
      "tokens": 4080
    }
  }
}