{
  "baseline": {
    "mmlu_zero_shot": {
      "accuracy": 0.5,
      "correct": 4,
      "seconds": 0.23296138807199895,
      "total": 8
    },
    "ppl": {
      "nll": 3.209860533475876,
      "ppl": 24.775630612537682,
      "seconds": 0.3400198630988598,
      "tokens": 504
    }
  },
  "device": "cuda",
  "dtype": "torch.float16",
  "load_seconds": 12.959697612794116,
  "model_id": "Qwen/Qwen2.5-1.5B",
  "pq_lut": {
    "calibration_seconds": 0.1720606219023466,
    "hardware_aggregate": {
      "act_center_values": 32571392.0,
      "act_code_bits_per_token": 381696.0,
      "adds_per_token": 163129344.0,
      "base_lut_bits": 4169138176.0,
      "base_lut_entries": 260571136.0,
      "base_lut_mib_fp16": 497.0,
      "base_lut_mib_fp32": 994.0,
      "base_lut_mib_quantized": 497.0,
      "centroid_distance_scalar_ops_per_token": 32571392.0,
      "centroid_distance_vectors_per_token": 4071424.0,
      "dense_mac_per_token": 1310195712.0,
      "expanded_lut_entries": 10481565696.0,
      "expanded_lut_mib_fp16": 19992.0,
      "lookups_per_token": 163774464.0,
      "quantized_linears": 196,
      "train_seconds": 52.11854984425008,
      "weight_center_values": 32571392.0,
      "weight_code_bits": 982646784.0,
      "weight_code_count": 163774464.0,
      "weight_codes_mib_packed": 117.140625
    },
    "mmlu_zero_shot": {
      "accuracy": 0.25,
      "correct": 2,
      "seconds": 8.92348809284158,
      "total": 8
    },
    "ppl": {
      "nll": 7.92347252368927,
      "ppl": 2761.3432461012394,
      "seconds": 8.86935080983676,
      "tokens": 504
    },
    "quantization_seconds": 53.790950016118586
  }
}