{
  "baseline": {
    "mmlu_zero_shot": {
      "accuracy": 0.0,
      "correct": 0,
      "seconds": 0.05449389899149537,
      "total": 2
    },
    "ppl": {
      "nll": 3.4230358004570007,
      "ppl": 30.66235867295045,
      "seconds": 0.27938776719383895,
      "tokens": 252
    }
  },
  "device": "cuda",
  "dtype": "torch.float16",
  "load_seconds": 7.629131873138249,
  "model_id": "Qwen/Qwen2.5-0.5B",
  "pq_lut": {
    "calibration_seconds": 0.014942389214411378,
    "hardware_aggregate": {
      "act_center_values": 57344.0,
      "act_code_bits_per_token": 2688.0,
      "adds_per_token": 400512.0,
      "base_lut_bits": 14680064.0,
      "base_lut_entries": 1835008.0,
      "base_lut_mib_fp16": 3.5,
      "base_lut_mib_fp32": 7.0,
      "base_lut_mib_quantized": 1.75,
      "centroid_distance_scalar_ops_per_token": 57344.0,
      "centroid_distance_vectors_per_token": 28672.0,
      "dense_mac_per_token": 802816.0,
      "expanded_lut_entries": 25690112.0,
      "expanded_lut_mib_fp16": 49.0,
      "lookups_per_token": 401408.0,
      "quantized_linears": 1,
      "train_seconds": 0.9648552981670946,
      "weight_center_values": 57344.0,
      "weight_code_bits": 1605632.0,
      "weight_code_count": 401408.0,
      "weight_codes_mib_packed": 0.19140625
    },
    "mmlu_zero_shot": {
      "accuracy": 0.0,
      "correct": 0,
      "seconds": 0.02947561489418149,
      "total": 2
    },
    "ppl": {
      "nll": 3.417013108730316,
      "ppl": 30.478243729354293,
      "seconds": 0.05626446194946766,
      "tokens": 252
    },
    "quantization_seconds": 0.9654353519435972
  }
}