{
  "baseline": {
    "mmlu_zero_shot": {
      "accuracy": 0.25,
      "correct": 1,
      "seconds": 0.10929238982498646,
      "total": 4
    },
    "ppl": {
      "nll": 2.588197708129883,
      "ppl": 13.305769100459777,
      "seconds": 0.2004391250666231,
      "tokens": 126
    }
  },
  "device": "cuda",
  "dtype": "torch.float16",
  "load_seconds": 33.10391632304527,
  "model_id": "Qwen/Qwen2.5-7B",
  "pq_lut": {
    "calibration_seconds": 0.10362944100052118,
    "hardware_aggregate": {
      "act_center_values": 72482816.0,
      "act_code_bits_per_token": 849408.0,
      "adds_per_token": 814270464.0,
      "base_lut_bits": 9277800448.0,
      "base_lut_entries": 579862528.0,
      "base_lut_mib_fp16": 1106.0,
      "base_lut_mib_fp32": 2212.0,
      "base_lut_mib_quantized": 1106.0,
      "centroid_distance_scalar_ops_per_token": 72482816.0,
      "centroid_distance_vectors_per_token": 9060352.0,
      "dense_mac_per_token": 6525288448.0,
      "expanded_lut_entries": 52202307584.0,
      "expanded_lut_mib_fp16": 99568.0,
      "lookups_per_token": 815661056.0,
      "quantized_linears": 196,
      "train_seconds": 108.02694584731944,
      "weight_center_values": 72482816.0,
      "weight_code_bits": 4893966336.0,
      "weight_code_count": 815661056.0,
      "weight_codes_mib_packed": 583.40625
    },
    "mmlu_zero_shot": {
      "accuracy": 0.0,
      "correct": 0,
      "seconds": 24.221233882009983,
      "total": 4
    },
    "ppl": {
      "nll": 8.022070169448853,
      "ppl": 3047.4796064829516,
      "seconds": 8.992128090001643,
      "tokens": 126
    },
    "quantization_seconds": 113.42292613000609
  }
}