{
  "device": "cuda",
  "dtype": "torch.bfloat16",
  "load_seconds": 7.26849418412894,
  "model_id": "Qwen/Qwen3-1.7B-Base",
  "paper_samples": 256,
  "w8a8_quantization": {
    "activation_bits": 8,
    "activation_granularity": "static_per_tensor",
    "activation_percentile": 1.0,
    "calibration_seconds": 35.671082141809165,
    "hardware_aggregate": {
      "activation_bits_per_token": 4128768.0,
      "activation_dynamic_scale_count_per_token": 0,
      "activation_mib_per_1k_tokens_packed": 492.1875,
      "activation_static_scale_count": 196,
      "activation_static_scale_mib_fp16": 0.00037384033203125,
      "activation_values_per_token": 516096,
      "adds_per_token": 0.0,
      "dense_mac_per_token": 1409286144.0,
      "int8_mac_per_token": 1409286144.0,
      "lookups_per_token": 0.0,
      "quantized_linears": 196,
      "smoothquant_scale_count": 516096,
      "smoothquant_scale_mib_fp16": 0.984375,
      "weight_bits_total": 11274289152.0,
      "weight_count": 1409286144,
      "weight_max_abs_error": 0.4429496228694916,
      "weight_mib_packed": 1344.0,
      "weight_scale_count": 573440,
      "weight_scale_mib_fp16": 1.09375,
      "weighted_weight_mse": 1.3491406389081512e-05
    },
    "quantization_seconds": 102.00470743793994,
    "smoothquant_alpha": 0.5,
    "weight_bits": 8,
    "weight_granularity": "per_channel",
    "weight_group_size": 0
  },
  "w8a8_quantized": {
    "mmlu_pro": {
      "accuracy": 0.24609375,
      "correct": 63,
      "seconds": 12.77089369110763,
      "total": 256
    },
    "mnli": {
      "accuracy": 0.703125,
      "correct": 180,
      "seconds": 13.603033186867833,
      "total": 256
    },
    "mrpc": {
      "accuracy": 0.73046875,
      "correct": 187,
      "seconds": 11.033737717662007,
      "total": 256
    },
    "qnli": {
      "accuracy": 0.7734375,
      "correct": 198,
      "seconds": 10.098052599932998,
      "total": 256
    },
    "qqp": {
      "accuracy": 0.8125,
      "correct": 208,
      "seconds": 8.217172192875296,
      "total": 256
    },
    "rte": {
      "accuracy": 0.76171875,
      "correct": 195,
      "seconds": 12.846165332011878,
      "total": 256
    },
    "sst2": {
      "accuracy": 0.9296875,
      "correct": 238,
      "seconds": 6.598022333346307,
      "total": 256
    },
    "wikitext_ppl": {
      "nll": 2.959306001663208,
      "ppl": 19.284583641402786,
      "seconds": 0.3509258721023798,
      "tokens": 4080
    }
  }
}