{
  "act_qat_training": {
    "center_param_count": 33030144,
    "dense_linear_param_count": 1409286144,
    "losses": [
      1.1838937997817993,
      3.474879741668701,
      2.823288917541504,
      0.8632689714431763,
      0.5192437171936035,
      1.0326021909713745,
      0.9146353006362915,
      1.4278596639633179,
      1.456289291381836,
      0.7373477816581726,
      0.13574452698230743,
      0.038794297724962234,
      2.9834818840026855,
      0.24110780656337738,
      0.07906092703342438,
      2.597831964492798,
      2.9108970165252686,
      1.8043369054794312,
      0.7750712633132935,
      1.1619898080825806,
      0.5821434855461121,
      0.011273376643657684,
      1.0058574676513672,
      0.013786802999675274,
      0.6141999959945679,
      0.28979772329330444,
      0.5931921601295471,
      0.7134538292884827,
      0.4006209671497345,
      0.6285178661346436,
      0.8530892133712769,
      0.09638705849647522,
      0.7881758213043213,
      0.24348801374435425,
      0.42402008175849915,
      1.7819620370864868,
      1.926349401473999,
      1.7494492530822754,
      0.7032898664474487,
      0.17852343618869781,
      1.157541275024414,
      1.7249252796173096,
      0.4103192687034607,
      0.1449728012084961,
      1.511134386062622,
      1.3544857501983643,
      0.34595736861228943,
      0.2374054193496704,
      0.5079799294471741,
      0.009523083455860615,
      2.2751002311706543,
      0.21674945950508118,
      0.15872201323509216,
      2.8245303630828857,
      1.9300761222839355,
      2.1177256107330322,
      0.1422547847032547,
      0.0991947203874588,
      5.244999885559082,
      0.40600013732910156,
      0.16860315203666687,
      0.21992985904216766,
      1.7229268550872803,
      4.0214385986328125,
      0.8497142791748047,
      0.500938355922699,
      0.19839797914028168,
      1.0117151737213135,
      2.7736260890960693,
      1.7254512310028076,
      0.2905550003051758,
      0.3463461399078369,
      2.138151168823242,
      0.22841604053974152,
      0.5928710699081421,
      1.784480333328247,
      0.40373554825782776,
      1.3624945878982544,
      0.2920403778553009,
      0.03487639129161835,
      0.752554178237915,
      0.242634579539299,
      0.29967641830444336,
      0.02007499895989895,
      0.11311935633420944,
      0.33073553442955017,
      0.05890912935137749,
      2.1098976135253906,
      0.2853407561779022,
      5.506170272827148,
      0.8414998650550842,
      0.5125477313995361,
      1.50839364528656,
      0.26857122778892517,
      0.8332409262657166,
      0.1431877166032791,
      0.7120701670646667,
      0.29149243235588074,
      0.19977903366088867,
      0.23555400967597961,
      1.581982135772705,
      0.058694105595350266,
      0.5883985161781311,
      0.00544801726937294,
      0.11214525997638702,
      0.499090313911438,
      0.5334275960922241,
      0.8621471524238586,
      0.29028499126434326,
      1.5122565031051636,
      0.5069920420646667,
      2.106815814971924,
      0.026784850284457207,
      2.14273738861084,
      0.17793036997318268,
      0.5884165167808533,
      0.3295774459838867,
      0.3973352909088135,
      0.6601232886314392,
      0.7219138741493225,
      0.2665735185146332,
      0.11383052170276642,
      0.3435201644897461,
      0.9868614077568054,
      2.1529550552368164,
      1.2626899480819702,
      2.4432175159454346,
      2.8187108039855957,
      0.9998170137405396,
      0.029096992686390877,
      0.05787178501486778,
      0.0584290437400341,
      1.6185436248779297,
      1.4444509744644165,
      0.32917681336402893,
      0.8129996657371521,
      0.14221301674842834,
      0.6557971835136414,
      0.22774909436702728,
      0.03597969934344292,
      0.2738271951675415,
      0.060142599046230316,
      0.13721509277820587,
      0.7858358025550842,
      4.053182601928711,
      0.0734962522983551,
      0.1421632319688797,
      0.10506365448236465,
      3.4390201568603516,
      0.33488795161247253,
      0.07253581285476685,
      0.06636115163564682,
      1.512992262840271,
      0.0611809641122818,
      0.07243857532739639,
      0.49049124121665955,
      0.025030504912137985,
      0.20691852271556854,
      0.2946765124797821,
      0.10891417413949966,
      0.21156033873558044,
      0.11908194422721863,
      0.5995216965675354,
      0.40486976504325867,
      0.3539496660232544,
      0.3220168948173523,
      1.1470286846160889,
      1.7417279481887817,
      0.36133280396461487,
      0.2128422111272812,
      0.5505320429801941,
      1.326830267906189,
      0.10590972751379013,
      0.13455398380756378,
      0.10883773118257523,
      0.03836599364876747,
      0.21294376254081726,
      1.1478081941604614,
      0.29467806220054626,
      0.5025427937507629,
      0.4175746738910675,
      0.10375241190195084,
      2.5827829837799072,
      0.40300750732421875,
      3.532162666320801,
      0.36283907294273376,
      1.513537883758545,
      0.7053328156471252,
      0.3044094443321228,
      0.1324368566274643,
      0.5762498378753662,
      1.0023281574249268,
      0.1175520047545433,
      0.040868811309337616,
      0.5891119241714478,
      0.5845308303833008,
      0.397379994392395,
      1.1426417827606201,
      0.6667690277099609,
      1.3786227703094482,
      0.416506826877594,
      0.8341430425643921,
      0.09397026151418686,
      0.024378525093197823,
      0.011789998970925808,
      0.3955782949924469,
      0.13179779052734375,
      1.5169965028762817,
      0.40737777948379517,
      0.10426841676235199,
      0.25921010971069336,
      0.2469950020313263,
      0.014588592574000359,
      1.1492729187011719,
      1.709702730178833,
      1.6568348407745361,
      0.14195503294467926,
      0.09092137962579727,
      2.14715313911438,
      0.4056907892227173,
      0.04197622835636139,
      0.15268677473068237,
      3.9835240840911865,
      0.0926859974861145,
      0.2011575549840927,
      0.22214293479919434,
      0.3950185477733612,
      0.13527780771255493,
      1.9212799072265625,
      1.9356718063354492,
      0.13242223858833313,
      0.04135728254914284,
      0.21125976741313934,
      0.03697162866592407,
      1.3252277374267578,
      0.04077308997511864,
      2.1398842334747314,
      0.05317319184541702,
      0.6031548380851746,
      0.5206873416900635,
      0.4803142845630646,
      0.11105538159608841,
      0.2570115029811859,
      0.22776608169078827,
      2.503061294555664,
      0.3890281915664673,
      1.9201542139053345,
      1.0543580055236816,
      0.9039414525032043,
      0.5176756978034973,
      0.9992519617080688,
      0.48705679178237915,
      0.4795893728733063,
      5.505898952484131,
      0.1107625961303711,
      0.7114500403404236,
      0.01413782685995102,
      0.34120121598243713,
      0.10873957723379135,
      3.679901599884033,
      0.2150583118200302,
      0.8596956133842468,
      0.44951963424682617,
      0.13226903975009918,
      0.05297716706991196,
      3.6360878944396973,
      0.48297685384750366,
      0.08510273694992065,
      0.2193954586982727,
      0.04082990437746048,
      0.028832269832491875,
      0.852561354637146,
      0.5919538736343384,
      2.3348803520202637,
      0.9059062004089355,
      0.08342447131872177,
      3.775070905685425,
      4.764047145843506,
      0.3652011752128601,
      0.025346804410219193,
      0.7006725072860718,
      3.540968894958496,
      0.8305596709251404,
      3.3083810806274414,
      0.035964980721473694,
      3.8105945587158203,
      0.10634734481573105,
      0.796710193157196,
      2.1302688121795654,
      0.04344964399933815,
      0.03524379804730415,
      0.6004208922386169,
      1.1426852941513062,
      4.022970199584961,
      1.5227872133255005,
      1.6332144737243652,
      0.997575581073761,
      1.7121121883392334,
      3.5350639820098877,
