{
  "baseline": {
    "mmlu_zero_shot": {
      "accuracy": 0.4375,
      "correct": 7,
      "seconds": 0.4821242220350541,
      "total": 16
    },
    "ppl": {
      "nll": 2.7117386162281036,
      "ppl": 15.055428385496965,
      "seconds": 0.571309850027319,
      "tokens": 1016
    }
  },
  "device": "cuda",
  "dtype": "torch.float16",
  "load_seconds": 927.752735697024,
  "model_id": "Qwen/Qwen2.5-7B",
  "pq_lut": {
    "calibration_seconds": 0.4778056219802238,
    "hardware_aggregate": {
      "act_center_values": 18120704.0,
      "act_code_bits_per_token": 141568.0,
      "adds_per_token": 202524672.0,
      "base_lut_entries": 9060352.0,
      "base_lut_mib_fp16": 17.28125,
      "base_lut_mib_fp32": 34.5625,
      "centroid_distance_scalar_ops_per_token": 18120704.0,
      "centroid_distance_vectors_per_token": 566272.0,
      "dense_mac_per_token": 6525288448.0,
      "expanded_lut_entries": 3262644224.0,
      "expanded_lut_mib_fp16": 6223.0,
      "lookups_per_token": 203915264.0,
      "quantized_linears": 196,
      "train_seconds": 66.33445750782266,
      "weight_center_values": 18120704.0,
      "weight_code_bits": 815661056.0,
      "weight_code_count": 203915264.0,
      "weight_codes_mib_packed": 97.234375
    },
    "mmlu_zero_shot": {
      "accuracy": 0.3125,
      "correct": 5,
      "seconds": 13.885289447032847,
      "total": 16
    },
    "ppl": {
      "nll": 11.878832817077637,
      "ppl": 144182.1654728488,
      "seconds": 6.663700758013874,
      "tokens": 1016
    },
    "quantization_seconds": 66.85538820998045
  }
}