{
  "baseline": {
    "mmlu_zero_shot": {
      "accuracy": 0.0,
      "correct": 0,
      "seconds": 0.056894465000368655,
      "total": 2
    },
    "ppl": {
      "nll": 3.4230358004570007,
      "ppl": 30.66235867295045,
      "seconds": 0.3731587229995057,
      "tokens": 252
    }
  },
  "device": "cuda",
  "dtype": "torch.float16",
  "load_seconds": 8.943482040020172,
  "model_id": "Qwen/Qwen2.5-0.5B",
  "pq_lut": {
    "calibration_seconds": 0.013708338956348598,
    "hardware_aggregate": {
      "act_center_values": 3584.0,
      "act_code_bits_per_token": 56.0,
      "adds_per_token": 24192.0,
      "base_lut_entries": 448.0,
      "base_lut_mib_fp16": 0.0008544921875,
      "base_lut_mib_fp32": 0.001708984375,
      "centroid_distance_scalar_ops_per_token": 3584.0,
      "centroid_distance_vectors_per_token": 112.0,
      "dense_mac_per_token": 802816.0,
      "expanded_lut_entries": 100352.0,
      "expanded_lut_mib_fp16": 0.19140625,
      "lookups_per_token": 25088.0,
      "quantized_linears": 1,
      "train_seconds": 0.37164478801423684,
      "weight_center_values": 3584.0,
      "weight_code_bits": 50176.0,
      "weight_code_count": 25088.0,
      "weight_codes_mib_packed": 0.0059814453125
    },
    "mmlu_zero_shot": {
      "accuracy": 0.0,
      "correct": 0,
      "seconds": 0.030196776962839067,
      "total": 2
    },
    "ppl": {
      "nll": 3.4542697072029114,
      "ppl": 31.63517730214641,
      "seconds": 0.0589813920087181,
      "tokens": 252
    },
    "quantization_seconds": 0.3723021700279787
  }
}