{
  "act_lut_fit": {
    "calibration_seconds": 1.1736494400538504,
    "fit_seconds": 24.336807023966685,
    "hardware_aggregate": {
      "act_center_values": 1179648.0,
      "act_code_bits_per_token": 55296.0,
      "adds_per_token": 25145344.0,
      "base_lut_bits": 25769803776.0,
      "base_lut_entries": 1610612736.0,
      "base_lut_mib_fp16": 3072.0,
      "base_lut_mib_fp32": 6144.0,
      "base_lut_mib_quantized": 3072.0,
      "centroid_distance_scalar_ops_per_token": 1179648.0,
      "centroid_distance_vectors_per_token": 589824.0,
      "dense_mac_per_token": 50331648.0,
      "expanded_lut_entries": 1610612736.0,
      "expanded_lut_mib_fp16": 3072.0,
      "lookups_per_token": 25165824.0,
      "quantized_linears": 7,
      "train_seconds": 24.332768125925213,
      "weight_center_values": 0.0,
      "weight_code_bits": 0.0,
      "weight_code_count": 0.0,
      "weight_codes_mib_packed": 0.0
    },
    "paper_eval": {
      "mmlu_pro": {
        "accuracy": 0.328125,
        "correct": 21,
        "seconds": 32.347351488890126,
        "total": 64
      },
      "mnli": {
        "accuracy": 0.890625,
        "correct": 57,
        "seconds": 4.371490109944716,
        "total": 64
      },
      "mrpc": {
        "accuracy": 0.625,
        "correct": 40,
        "seconds": 3.5401032499503344,
        "total": 64
      },
      "qnli": {
        "accuracy": 0.8125,
        "correct": 52,
        "seconds": 3.253537049051374,
        "total": 64
      },
      "qqp": {
        "accuracy": 0.75,
        "correct": 48,
        "seconds": 2.5739529167767614,
        "total": 64
      },
      "rte": {
        "accuracy": 0.796875,
        "correct": 51,
        "seconds": 4.339118091156706,
        "total": 64
      },
      "sst2": {
        "accuracy": 0.84375,
        "correct": 54,
        "seconds": 2.125315938843414,
        "total": 64
      }
    }
  },
  "device": "cuda",
  "dtype": "torch.bfloat16",
  "fp16_baseline": {
    "mmlu_pro": {
      "accuracy": 0.390625,
      "correct": 25,
      "seconds": 1.7708299988880754,
      "total": 64
    },
    "mnli": {
      "accuracy": 0.828125,
      "correct": 53,
      "seconds": 1.402687082067132,
      "total": 64
    },
    "mrpc": {
      "accuracy": 0.671875,
      "correct": 43,
      "seconds": 0.8118113069795072,
      "total": 64
    },
    "qnli": {
      "accuracy": 0.8125,
      "correct": 52,
      "seconds": 0.8071896568872035,
      "total": 64
    },
    "qqp": {
      "accuracy": 0.84375,
      "correct": 54,
      "seconds": 0.703898583073169,
      "total": 64
    },
    "rte": {
      "accuracy": 0.78125,
      "correct": 50,
      "seconds": 0.9268744678702205,
      "total": 64
    },
    "sst2": {
      "accuracy": 0.875,
      "correct": 56,
      "seconds": 0.7251780070364475,
      "total": 64
    }
  },
  "inferred_lutllm_path": "fit activation lookup-table values locally, reconstruct dense weights from trained tables with least squares, then apply activation-weight VQ",
  "load_seconds": 6.617970996070653,
  "model_id": "Qwen/Qwen3-1.7B-Base",
  "paper_samples": 64,
  "reconstructed_final_lut": {
    "calibration_seconds": 1.3267681810539216,
    "hardware_aggregate": {
      "act_center_values": 1179648.0,
      "act_code_bits_per_token": 55296.0,
      "adds_per_token": 25145344.0,
      "base_lut_bits": 805306368.0,
      "base_lut_entries": 100663296.0,
      "base_lut_mib_fp16": 192.0,
      "base_lut_mib_fp32": 384.0,
      "base_lut_mib_quantized": 96.0,
      "centroid_distance_scalar_ops_per_token": 1179648.0,
      "centroid_distance_vectors_per_token": 589824.0,
      "dense_mac_per_token": 50331648.0,
      "expanded_lut_entries": 1610612736.0,
      "expanded_lut_mib_fp16": 3072.0,
      "lookups_per_token": 25165824.0,
      "quantized_linears": 7,
      "train_seconds": 75.64124612277374,
      "weight_center_values": 3145728.0,
      "weight_code_bits": 100663296.0,
      "weight_code_count": 25165824.0,
      "weight_codes_mib_packed": 12.0
    },
    "paper_eval": {
      "mmlu_pro": {
        "accuracy": 0.21875,
        "correct": 14,
        "seconds": 80.36827226402238,
        "total": 64
      },
      "mnli": {
        "accuracy": 0.671875,
        "correct": 43,
        "seconds": 24.57708963402547,
        "total": 64
      },
      "mrpc": {
        "accuracy": 0.734375,
        "correct": 47,
        "seconds": 24.104885526001453,
        "total": 64
      },
      "qnli": {
        "accuracy": 0.6875,
        "correct": 44,
        "seconds": 24.222330533200875,
        "total": 64
      },
      "qqp": {
        "accuracy": 0.546875,
        "correct": 35,
        "seconds": 24.176076489966363,
        "total": 64
      },
      "rte": {
        "accuracy": 0.546875,
        "correct": 35,
        "seconds": 24.546866385033354,
        "total": 64
      },
      "sst2": {
        "accuracy": 0.625,
        "correct": 40,
        "seconds": 24.176770488964394,
        "total": 64
      }
    },
    "quantization_seconds": 77.93790047196671
  }
}