{
  "device": "cuda",
  "dtype": "torch.bfloat16",
  "load_seconds": 14.788983957841992,
  "model_id": "results/taskadapt_noanswer_squadrepeat4_continue_qwen3_1p7b_base_instruction_paperall_4000_lr5e7/checkpoint_final",
  "paper_samples": 64,
  "results": {
    "mmlu_pro": {
      "accuracy": 0.375,
      "correct": 24,
      "seconds": 1.6591003378853202,
      "total": 64
    },
    "mnli": {
      "accuracy": 0.875,
      "correct": 56,
      "seconds": 2.1791726211085916,
      "total": 64
    },
    "mrpc": {
      "accuracy": 0.75,
      "correct": 48,
      "seconds": 1.5395743921399117,
      "total": 64
    },
    "qnli": {
      "accuracy": 0.8125,
      "correct": 52,
      "seconds": 1.4385722521692514,
      "total": 64
    },
    "qqp": {
      "accuracy": 0.859375,
      "correct": 55,
      "seconds": 1.1554424911737442,
      "total": 64
    },
    "rte": {
      "accuracy": 0.84375,
      "correct": 54,
      "seconds": 1.868700641207397,
      "total": 64
    },
    "squad_v2": {
      "f1": 39.0625,
      "seconds": 4.215567961335182,
      "total": 64
    },
    "sst2": {
      "accuracy": 0.96875,
      "correct": 62,
      "seconds": 0.8895468791015446,
      "total": 64
    }
  }
}