{
  "act_qat_training": {
    "losses": [
      5.979594707489014,
      5.177948951721191
    ],
    "seconds": 0.209539680974558,
    "steps": 2
  },
  "act_quant": {
    "mmlu_pro": {
      "accuracy": 0.0,
      "correct": 0,
      "seconds": 0.027801905991509557,
      "total": 1
    },
    "mnli": {
      "accuracy": 0.0,
      "correct": 0,
      "seconds": 0.01883438299410045,
      "total": 1
    },
    "mrpc": {
      "accuracy": 1.0,
      "correct": 1,
      "seconds": 0.015914874849841,
      "total": 1
    },
    "qnli": {
      "accuracy": 1.0,
      "correct": 1,
      "seconds": 0.015359371900558472,
      "total": 1
    },
    "qqp": {
      "accuracy": 0.0,
      "correct": 0,
      "seconds": 0.01650764886289835,
      "total": 1
    },
    "rte": {
      "accuracy": 0.0,
      "correct": 0,
      "seconds": 0.023183739045634866,
      "total": 1
    },
    "sst2": {
      "accuracy": 1.0,
      "correct": 1,
      "seconds": 0.01536577194929123,
      "total": 1
    }
  },
  "device": "cuda",
  "dtype": "torch.bfloat16",
  "final_lut": {
    "calibration_seconds": 0.016726069850847125,
    "hardware_aggregate": {
      "act_center_values": 131072.0,
      "act_code_bits_per_token": 6144.0,
      "adds_per_token": 2095104.0,
      "base_lut_bits": 67108864.0,
      "base_lut_entries": 8388608.0,
      "base_lut_mib_fp16": 16.0,
      "base_lut_mib_fp32": 32.0,
      "base_lut_mib_quantized": 8.0,
      "centroid_distance_scalar_ops_per_token": 131072.0,
      "centroid_distance_vectors_per_token": 65536.0,
      "dense_mac_per_token": 4194304.0,
      "expanded_lut_entries": 134217728.0,
      "expanded_lut_mib_fp16": 256.0,
      "lookups_per_token": 2097152.0,
      "quantized_linears": 1,
      "train_seconds": 4.096723234979436,
      "weight_center_values": 262144.0,
      "weight_code_bits": 8388608.0,
      "weight_code_count": 2097152.0,
      "weight_codes_mib_packed": 1.0
    },
    "paper_eval": {
      "mmlu_pro": {
        "accuracy": 0.0,
        "correct": 0,
        "seconds": 0.055456941947340965,
        "total": 1
      },
      "mnli": {
        "accuracy": 0.0,
        "correct": 0,
        "seconds": 0.03631514706648886,
        "total": 1
      },
      "mrpc": {
        "accuracy": 1.0,
        "correct": 1,
        "seconds": 0.031069505959749222,
        "total": 1
      },
      "qnli": {
        "accuracy": 1.0,
        "correct": 1,
        "seconds": 0.03162529901601374,
        "total": 1
      },
      "qqp": {
        "accuracy": 0.0,
        "correct": 0,
        "seconds": 0.03190980083309114,
        "total": 1
      },
      "rte": {
        "accuracy": 0.0,
        "correct": 0,
        "seconds": 0.03452183702029288,
        "total": 1
      },
      "sst2": {
        "accuracy": 1.0,
        "correct": 1,
        "seconds": 0.030356520786881447,
        "total": 1
      }
    },
    "quantization_seconds": 4.098172442987561
  },
  "fp16_baseline": {
    "mmlu_pro": {
      "accuracy": 0.0,
      "correct": 0,
      "seconds": 0.043081596959382296,
      "total": 1
    },
    "mnli": {
      "accuracy": 0.0,
      "correct": 0,
      "seconds": 0.21003764402121305,
      "total": 1
    },
    "mrpc": {
      "accuracy": 1.0,
      "correct": 1,
      "seconds": 0.03152976790443063,
      "total": 1
    },
    "qnli": {
      "accuracy": 1.0,
      "correct": 1,
      "seconds": 0.022963837021961808,
      "total": 1
    },
    "qqp": {
      "accuracy": 0.0,
      "correct": 0,
      "seconds": 0.031713238917291164,
      "total": 1
    },
    "rte": {
      "accuracy": 0.0,
      "correct": 0,
      "seconds": 0.02773974579758942,
      "total": 1
    },
    "sst2": {
      "accuracy": 0.0,
      "correct": 0,
      "seconds": 0.023148807929828763,
      "total": 1
    }
  },
  "load_seconds": 6.622992797987536,
  "model_id": "Qwen/Qwen3-1.7B",
  "paper_samples": 1
}