{
  "baseline": {
    "mmlu_zero_shot": {
      "accuracy": 0.5,
      "correct": 4,
      "seconds": 0.17800440383143723,
      "total": 8
    },
    "ppl": {
      "nll": 3.209860533475876,
      "ppl": 24.775630612537682,
      "seconds": 0.21722471108660102,
      "tokens": 504
    }
  },
  "device": "cuda",
  "dtype": "torch.float16",
  "load_seconds": 11.966691626934335,
  "model_id": "Qwen/Qwen2.5-1.5B",
  "pq_lut": {
    "calibration_seconds": 0.07231522304937243,
    "hardware_aggregate": {
      "act_center_values": 65142784.0,
      "act_code_bits_per_token": 445312.0,
      "adds_per_token": 163129344.0,
      "base_lut_bits": 8338276352.0,
      "base_lut_entries": 521142272.0,
      "base_lut_mib_fp16": 994.0,
      "base_lut_mib_fp32": 1988.0,
      "base_lut_mib_quantized": 994.0,
      "centroid_distance_scalar_ops_per_token": 65142784.0,
      "centroid_distance_vectors_per_token": 8142848.0,
      "dense_mac_per_token": 1310195712.0,
      "expanded_lut_entries": 20963131392.0,
      "expanded_lut_mib_fp16": 39984.0,
      "lookups_per_token": 163774464.0,
      "quantized_linears": 196,
      "train_seconds": 47.1404435953591,
      "weight_center_values": 32571392.0,
      "weight_code_bits": 982646784.0,
      "weight_code_count": 163774464.0,
      "weight_codes_mib_packed": 117.140625
    },
    "mmlu_zero_shot": {
      "accuracy": 0.0,
      "correct": 0,
      "seconds": 8.200968687888235,
      "total": 8
    },
    "ppl": {
      "nll": 7.884784936904907,
      "ppl": 2656.5536379699506,
      "seconds": 7.969663162017241,
      "tokens": 504
    },
    "quantization_seconds": 48.75658214488067
  }
}