{
  "device": "cuda",
  "dtype": "torch.bfloat16",
  "load_seconds": 78.65034644398838,
  "model_id": "results/taskadapt_noanswer_continue_squadrepeat16_paperall_3000_lr5e7/checkpoint_final",
  "paper_samples": 64,
  "results": {
    "mmlu_pro": {
      "accuracy": 0.375,
      "correct": 24,
      "seconds": 1.6962643929291517,
      "total": 64
    },
    "mnli": {
      "accuracy": 0.828125,
      "correct": 53,
      "seconds": 4.716456752968952,
      "total": 64
    },
    "mrpc": {
      "accuracy": 0.75,
      "correct": 48,
      "seconds": 1.6494217730360106,
      "total": 64
    },
    "qnli": {
      "accuracy": 0.8125,
      "correct": 52,
      "seconds": 1.5110262780217454,
      "total": 64
    },
    "qqp": {
      "accuracy": 0.859375,
      "correct": 55,
      "seconds": 1.2067270750412717,
      "total": 64
    },
    "rte": {
      "accuracy": 0.859375,
      "correct": 55,
      "seconds": 1.9322790199657902,
      "total": 64
    },
    "squad_v2": {
      "f1": 36.45833333333333,
      "seconds": 7.604446159093641,
      "total": 64
    },
    "sst2": {
      "accuracy": 0.96875,
      "correct": 62,
      "seconds": 0.9160021480638534,
      "total": 64
    }
  }
}